Title,Ratings,Votings,Duration,Genre
1. Nosferatu,7.2, (186K),2h 12m,Mystery
2. Trap,5.8, (135K),1h 45m,Mystery
3. Blink Twice,6.5, (103K),1h 42m,Mystery
4. Smile 2,6.7, (100K),2h 7m,Mystery
5. Juror #2,7.0, (95K),1h 54m,Mystery
6. Paddington in Peru,6.7, (19K),1h 46m,Mystery
7. Hellboy: The Crooked Man,4.5, (13K),1h 39m,Mystery
8. The Rule of Jenny Pen,6.3, (2.4K),1h 44m,Mystery
9. The Watchers,5.7, (56K),1h 42m,Mystery
10. Red One,6.3, (139K),2h 3m,Mystery
11. It's What's Inside,6.6, (41K),1h 43m,Mystery
12. Caddo Lake,6.8, (41K),1h 43m,Mystery
13. Love Lies Bleeding,6.6, (56K),1h 44m,Mystery
14. F*** Marry Kill,5.3, (2.2K),1h 37m,Mystery
15. Cuckoo,5.7, (26K),1h 42m,Mystery
16. Slingshot,5.7, (9.2K),1h 48m,Mystery
17. The Instigators,6.2, (37K),1h 41m,Mystery
18. Sleeping Dogs,6.2, (21K),1h 50m,Mystery
19. Killer Heat,5.6, (13K),1h 35m,Mystery
20. Long Gone Heroes,5.2, (1K),1h 41m,Mystery
21. Force of Nature: The Dry 2,5.8, (6.9K),2h,Mystery
22. Absolution,5.2, (7.6K),1h 52m,Mystery
23. Afraid,5.2, (14K),1h 24m,Mystery
24. Time Cut,5.0, (18K),1h 31m,Mystery
25. The Deliverance,5.1, (22K),1h 52m,Mystery
26. Exhuma,6.9, (23K),2h 14m,Mystery
27. The Damned,5.7, (3.8K),1h 29m,Mystery
28. Skincare,5.7, (4.4K),1h 36m,Mystery
29. Boneyard,4.1, (4.9K),1h 36m,Mystery
30. Watchmen: Chapter I,7.0, (6.4K),1h 23m,Mystery
31. Die Alone,5.7, (2.8K),1h 31m,Mystery
32. Monster Summer,5.7, (3.6K),1h 37m,Mystery
33. A Sacrifice,5.0, (5.1K),1h 34m,Mystery
34. Kishkindha Kaandam,8.0, (11K),2h 13m,Mystery
35. Blackwater Lane,4.6, (1.8K),1h 48m,Mystery
36. Night Swim,4.7, (27K),1h 38m,Mystery
37. Imaginary,4.7, (17K),1h 44m,Mystery
38. Orion and the Dark,6.3, (17K),1h 33m,Mystery
39. The Dead Thing,4.7, (877),1h 34m,Mystery
40. Damaged,4.7, (7.2K),1h 37m,Mystery
41. Depravity,4.3, (959),1h 57m,Mystery
42. The Girl in the Pool,4.3, (1.4K),1h 29m,Mystery
43. Watchmen: Chapter II,7.0, (2.9K),1h 30m,Mystery
44. Turtles All the Way Down,6.6, (6.9K),1h 51m,Mystery
45. Reunion,5.6, (3.5K),1h 30m,Mystery
46. Outbreak,4.4, (824),1h 28m,Mystery
47. Sookshma Darshini,7.8, (9.8K),2h 22m,Mystery
48. The Best Christmas Pageant Ever,6.8, (6K),1h 39m,Mystery
49. Handling the Undead,5.4, (4.3K),1h 37m,Mystery
50. Pedro Páramo,6.3, (2.9K),2h 10m,Mystery
51. Colors of Evil: Red,6.4, (8.4K),1h 51m,Mystery
52. The Sand Castle,4.7, (1.6K),1h 38m,Mystery
53. The Price of Money: A Largo Winch Adventure,5.0, (1.1K),1h 40m,Mystery
54. Triumph,5.5, (232),1h 38m,Mystery
55. Strictly Confidential,2.8, (837),1h 34m,Mystery
56. Badland Hunters,5.9, (12K),1h 47m,Mystery
57. Drugstore June,5.4, (1.7K),1h 31m,Mystery
58. Do Patti,6.4, (68K),2h 6m,Mystery
59. Sikandar Ka Muqaddar,6.0, (24K),2h 22m,Mystery
60. Held Hostage in My House,5.1, (125),1h 30m,Mystery
61. Cinderella's Curse,3.3, (1.3K),1h 22m,Mystery
62. The Soul Eater,5.9, (2.5K),1h 48m,Mystery
63. Mr. K,6.2, (372),1h 34m,Mystery
64. The Tiger's Apprentice,5.7, (2.1K),1h 24m,Mystery
66. Bougainvillea,6.4, (3.1K),2h 18m,Mystery
67. Cult Killer,4.8, (2.7K),1h 45m,Mystery
68. Rippy,4.1, (836),1h 23m,Mystery
69. American Star,5.5, (2.5K),1h 47m,Mystery
70. Crescent City,3.9, (1.3K),1h 43m,Mystery
71. The Lost Daughter,5.9, (285),1h 39m,Mystery
72. Hidden Face,6.1, (510),1h 55m,Mystery
73. Dan Da Dan: First Encounter,8.2, (2.7K),1h 23m,Mystery
74. The Image of You,4.6, (814),1h 30m,Mystery
75. Anweshippin Kandethum,7.4, (10K),2h 22m,Mystery
76. City Hunter,6.3, (5.6K),1h 42m,Mystery
77. Karma,8.1, (1.4K),2h 47m,Mystery
78. Cinderella's Revenge,3.7, (1.1K),1h 25m,Mystery
79. Witchboard,7.6, (88),1h 55m,Mystery
80. Heresy,6.9, (294),1h 1m,Mystery
81. Thalavan,7.2, (4.6K),2h 11m,Mystery
82. Following,6.5, (1.2K),1h 42m,Mystery
83. Drive Back,4.8, (295),1h 34m,Mystery
84. Compulsion,6.6, (10),1h 34m,Mystery
85. #AMFAD: All My Friends Are Dead,4.4, (1.2K),1h 31m,Mystery
86. Faultline,5.7, (88),1h 32m,Mystery
87. Brief History of a Family,6.7, (413),1h 40m,Mystery
88. The Hangman,3.3, (995),1h 32m,Mystery
89. Saint Clare,7.6, (87),1h 32m,Mystery
90. Cellphone,3.0, (705),1h 28m,Mystery
91. Revolver,5.4, (838),1h 54m,Mystery
92. Inheritance,5.1, (3.5K),1h 34m,Mystery
93. The Redemption of Sin,6.0, (175),1h 56m,Mystery
94. Bloodline Killer,3.8, (4.4K),1h 45m,Mystery
95. Gazer,6.4, (103),1h 54m,Mystery
96. Golam,7.2, (5.5K),2h,Mystery
97. Arcadia,6.9, (458),1h 39m,Mystery
98. The Monster Beneath Us,5.8, (414),1h 43m,Mystery
99. Salawahan,4.3, (200),1h 56m,Mystery
100. Mononoke the Movie: The Phantom in the Rain,6.8, (1.2K),1h 29m,Mystery
101. Believer,4.5, (366),1h 48m,Mystery
102. Séance Games: Metaxu,3.3, (177),1h 26m,Mystery
103. Phir Aayi Hasseen Dillruba,5.8, (6.8K),2h 12m,Mystery
104. Dark Night of the Soul,3.4, (160),1h 21m,Mystery
105. A Place Called Silence,6.4, (1.2K),1h 59m,Mystery
106. The American Backyard,6.2, (151),1h 47m,Mystery
107. Dirty Boy,8.4, (19),1h 38m,Mystery
108. Murder Mubarak,5.8, (51K),2h 20m,Mystery
109. The Stalking,4.0, (39),1h 12m,Mystery
110. Gaami,6.4, (2K),2h 27m,Mystery
111. Merry Christmas,6.9, (30K),2h 24m,Mystery
112. Stupid Games,4.2, (381),1h 26m,Mystery
113. Black,7.1, (2.7K),1h 55m,Mystery
114. Bone Lake,6.9, (44),1h 34m,Mystery
115. Seeds,6.7, (57),1h 22m,Mystery
116. Solvent,7.3, (387),1h 34m,Mystery
117. Horror in the High Desert 3: Firewatch,5.4, (708),1h 28m,Mystery
118. Hunting Matthew Nichols,9.0, (44),1h 36m,Mystery
119. Killer Body Count,4.7, (645),1h 49m,Mystery
120. Chapel,3.3, (174),1h 32m,Mystery
121. Karma's a Bitch,4.7, (33),1h 29m,Mystery
122. They Called Him Mostly Harmless,5.9, (3.2K),1h 29m,Mystery
123. The Manifestation,3.6, (179),1h 24m,Mystery
124. Carnage for Christmas,4.5, (339),1h 9m,Mystery
125. Haze,6.9, (45),1h 16m,Mystery
126. Chaalchitro: The Frame Fatale,6.4, (833),2h 4m,Mystery
127. Last Stop: Rocafort St.,4.1, (461),1h 29m,Mystery
128. Abraham Ozler,6.5, (4.2K),2h 23m,Mystery
129. Perewangan,5.5, (129),1h 49m,Mystery
130. Shigatsu ni nareba kanojo wa,6.2, (423),1h 48m,Mystery
131. Dark Feathers: Dance of the Geisha,6.2, (847),1h 33m,Mystery
134. What Happened to Suzy,6.5, (66),1h 34m,Mystery
135. ClearMind,4.1, (2.2K),1h 25m,Mystery
136. Paranoia,4.2, (356),1h 35m,Mystery
137. 10 Days of a Curious Man,5.7, (1.2K),1h 50m,Mystery
138. Borderless Fog,5.2, (1.3K),1h 50m,Mystery
139. Hunting Daze,6.1, (452),1h 19m,Mystery
140. About a Hero,6.4, (37),1h 24m,Mystery
142. The Epidemic,5.8, (69),1h 35m,Mystery
143. In Our Blood,6.9, (46),1h 29m,Mystery
144. Clownface 3,9.5, (35),1h 44m,Mystery
145. Rautu Ka Raaz,6.3, (2K),1h 54m,Mystery
146. Amp House Massacre,3.8, (179),1h 20m,Mystery
147. A Stranger's Child,5.3, (133),1h 28m,Mystery
148. Killer Influence,2.7, (261),1h 24m,Mystery
149. Pogumidam Vegu Thooramillai,7.4, (3.9K),2h 13m,Mystery
150. Doctor X: The Movie,7.8, (47),2h 8m,Mystery
152. Memes & Nightmares,5.8, (83),1h 21m,Mystery
153. Dancing Village: The Curse Begins,5.7, (4.1K),2h 2m,Mystery
154. Partners,4.8, (114),1h 50m,Mystery
155. The Birthday Boy,8.8, (3K),1h 58m,Mystery
156. The Private Eye,3.6, (129),1h 55m,Mystery
157. Naam,6.3, (276),2h 16m,Mystery
158. Campton Manor,3.4, (223),1h 23m,Mystery
159. Algiers,7.8, (49),1h 33m,Mystery
160. Dead Man,5.1, (206),1h 49m,Mystery
"161. Silent Night, Bloody Night 3: Descent",3.6, (174),1h 40m,Mystery
162. Cheat,4.1, (189),1h 45m,Mystery
163. Passages of Nexus,5.9, (195),1h 48m,Mystery
164. Kurukku,6.6, (529),1h 49m,Mystery
165. Free Falling,5.2, (291),1h 29m,Mystery
166. Don't Look Back... I Know Your Origins,4.4, (76),1h 44m,Mystery
167. The Shadow,6.5, (249),1h 30m,Mystery
168. Danger in the Dorm,5.0, (152),1h 26m,Mystery
169. Its Name Was Mormo,3.7, (114),1h 33m,Mystery
171. Next to Us,4.9, (221),2h 5m,Mystery
172. The Yin Yang Master Zero,5.7, (261),1h 52m,Mystery
173. Oshi no Ko: The Final Act,7.7, (104),2h 9m,Mystery
174. 9 Windows,3.6, (307),1h 22m,Mystery
175. Bhoothaddam Bhaskar Narayana,6.2, (279),2h 21m,Mystery
176. Guess Who,4.8, (365),1h 33m,Mystery
177. Prasanna Vadanam,6.6, (534),2h 26m,Mystery
178. Detective Conan: The Million-Dollar Pentagram,6.7, (1.4K),1h 51m,Mystery
179. Murder and Cocktails,4.0, (360),1h 28m,Mystery
180. Live or Dead: The García File,6.3, (86),1h 24m,Mystery
181. Transamazonia,6.3, (62),1h 52m,Mystery
182. Granny,8.0, (6),40m,Mystery
183. Vivekam,8.2, (308),1h 44m,Mystery
184. Videotheque,6.1, (99),1h 52m,Mystery
185. Drive,5.6, (321),1h 30m,Mystery
186. Døde menn går på ski,5.5, (198),1h 29m,Mystery
187. Shark Island,4.0, (114),1h 21m,Mystery
188. Agastya - Chapter 1,7.0, (595),2h 48m,Mystery
189. Burning Butterflies,8.6, (63),1h 43m,Mystery
190. At Her Feet,7.5, (41),1h 40m,Mystery
191. Lunacy,5.0, (62),1h 17m,Mystery
192. Suspect,4.5, (80),1h 34m,Mystery
194. Sheriff,6.9, (1.1K),2h 13m,Mystery
195. You Will Die in 6 Hours,4.8, (262),1h 31m,Mystery
196. Daft State,6.5, (43),18+,Mystery
197. Secret,3.8, (759),1h 59m,Mystery
198. Bodiless,5.7, (1K),1h 30m,Mystery
199. You Are Not Alone,6.2, (63),1h 45m,Mystery
200. To Kill a Wolf,8.9, (35),1h 32m,Mystery
201. Grayson's Encounter,7.3, (22),1h 10m,Mystery
202. A Stranger in the Woods,4.1, (466),1h 24m,Mystery
203. Buying Time,5.3, (271),1h 24m,Mystery
204. First Nights at Freddy's,9.3, (15),1h 38m,Mystery
206. Snow Valley,2.8, (339),1h 15m,Mystery
207. Vertical,5.2, (127),1h 51m,Mystery
208. The Ruse,8.1, (106),1h 45m,Mystery
209. Andhagan,6.7, (1.2K),2h 22m,Mystery
210. Flesh of the Unforgiven,9.1, (39),1h 28m,Mystery
211. Vina: Before 7 Days,5.4, (578),1h 40m,Mystery
212. What Happens in Miami,4.3, (219),1h 30m,Mystery
213. Morena,7.0, (95),1h 46m,Mystery
214. From Darkness,5.0, (553),1h 35m,Mystery
215. Like Aani Subscribe,7.4, (6.2K),2h 20m,Mystery
216. Vikaasaparva,8.5, (541),2h 14m,Mystery
217. While You Were Sleeping,6.1, (160),1h 39m,Mystery
218. The Legend of the Vagabond Queen of Lagos,7.8, (31),1h 40m,Mystery
220. The Star City Murders,4.1, (141),1h 19m,Mystery
221. Karina,7.1, (17),1h 31m,Mystery
222. A Song from the Dark,4.8, (2.2K),1h 45m,Mystery
224. 200KG Vampire,5.2, (28),1h 33m,Mystery
226. Dismissed,8.7, (49),1h 31m,Mystery
227. Tell No Lies,5.1, (245),1h 44m,Mystery
228. Hunters on a White Field,4.9, (450),1h 40m,Mystery
230. Simbaa,6.0, (2.2K),2h 1m,Mystery
231. Octopus with Broken Arms,6.1, (188),1h 49m,Mystery
232. Kondal,5.4, (766),2h 27m,Mystery
233. DNA,5.1, (210),2h 36m,Mystery
234. Huggin Molly,6.0, (78),54m,Mystery
235. The Night Curse of Reatrei,4.5, (114),1h 35m,Mystery
237. Rakshana,5.5, (1.1K),2h 19m,Mystery
240. Foreclosure 2,3.5, (102),1h 17m,Mystery
242. House of Lies,3.7, (184),1h 22m,Mystery
243. This Land of Mine,8.0, (5),1h 30m,Mystery
244. Cold Blows the Wind,5.1, (353),1h 25m,Mystery
245. Bato: Road to Death,5.3, (770),2h 17m,Mystery
246. The Sintern,4.7, (157),1h 38m,Mystery
247. Glass Casa,7.8, (45),1h 46m,Mystery
249. Somebody,6.2, (8),1h 52m,Mystery
250. Aftermath,5.4, (4.4K),1h 18m,Mystery
251. The Unseen Sister,6.0, (793),1h 52m,Mystery
252. Teddiscare,2.1, (160),1h 22m,Mystery
253. The Apocalypse Box,3.3, (239),1h 26m,Mystery
254. The Last Chainsaw Massacre,3.9, (39),1h 15m,Mystery
255. Lotus,7.6, (10),1h 57m,Mystery
257. Kizumonogatari: Koyomi Vamp,7.0, (85),2h 24m,Mystery
258. Ranam Aram Thavarel,5.9, (802),2h 1m,Mystery
262. Final Girl: Halloween,4.6, (108),1h 25m,Mystery
263. Scarlet Blue,5.7, (18),1h 46m,Mystery
264. Cidade; Campo,6.3, (136),1h 59m,Mystery
266. The Box,3.7, (70),1h 19m,Mystery
267. 7/G,4.5, (639),2h 20m,Mystery
268. The Hunter's Anthology: The Demon Hunter,5.0, (95),2h 6m,Mystery
269. Raktaksha,8.4, (1.4K),1h 58m,Mystery
270. Portraits,4.9, (44),1h 22m,Mystery
271. Waterdrop,7.2, (36),1h 30m,Mystery
272. Athomugam,7.0, (631),2h 10m,Mystery
273. A Knife in the Dark,3.2, (88),1h 16m,Mystery
274. A Strange House,5.5, (313),1h 50m,Mystery
275. Sam and Colby: The Legends of the Paranormal,4.8, (304),1h 38m,Mystery
276. Amityville Turkey Day,2.7, (307),1h 34m,Mystery
277. The Gatekeeper,5.3, (18),1h 37m,Mystery
279. Water Horse,6.0, (240),1h 25m,Mystery
280. Beline,5.6, (1.3K),1h 28m,Mystery
281. Tenant,4.5, (212),1h 39m,Mystery
282. Zim Zim Ala Kazim,3.5, (108),1h 40m,Mystery
284. Insane Like Me?,4.5, (54),1h 26m,Mystery
285. Daitya,8.2, (8),1h 41m,Mystery
286. Behave,3.0, (137),1h 28m,Mystery
287. LasseMajas detektivbyrå - Maskoten som försvann,6.0, (54),1h 30m,Mystery
288. Room 0,3.1, (210),1h 42m,Mystery
289. Kuramerukagari,5.8, (80),1h 1m,Mystery
290. Deadly Invitations,4.2, (179),1h 29m,Mystery
291. Zateryannye,6.0, (198),1h 30m,Mystery
292. The Land of Morning Calm,6.3, (20),1h 53m,Mystery
293. Unknown Caller,7.0, (29),1h 3m,Mystery
294. Pride,9.0, (11),2h 5m,Mystery
295. Housekeeping,6.0, (41),1h 38m,Mystery
296. Uninvited,6.8, (71),1h 33m,Mystery
298. Not Your Average Family,5.6, (106),1h 37m,Mystery
300. Flashlight,4.2, (11),1h 17m,Mystery
301. Anak Perjanjian Syaitan 2,6.6, (32),1h 29m,Mystery
302. Mesken (Messuage),7.5, (37),1h 42m,Mystery
304. Chithini,6.0, (551),2h 31m,Mystery
306. The Secret of Pin-Up Island,7.4, (92),1h 47m,Mystery
307. Aru Tozasareta Yuki no Sanso de,5.1, (125),1h 49m,Mystery
308. Who Killed Angel Adams?,6.2, (22),1h 16m,Mystery
309. Scopophobia,5.9, (46),1h 40m,Mystery
310. Nico,8.3, (45),1h 49m,Mystery
312. Miss PJ,5.3, (65),1h 55m,Mystery
313. Muroi Shinji: Yaburezaru Mono,7.7, (7),1h 55m,Mystery
314. Best Man Dead Man,6.9, (8),1h 23m,Mystery
315. Ruki vverkh!,5.5, (246),1h 42m,Mystery
316. King Saud,8.4, (12),1h 40m,Mystery
317. Los capítulos perdidos,7.3, (12),1h 8m,Mystery
318. Lipstick on the Glass,4.6, (12),1h 56m,Mystery
319. Welcome to the Game,5.8, (62),1h 30m,Mystery
320. Tale of the Land,6.2, (11),1h 39m,Mystery
322. O Clube das Mulheres de Negócios,4.9, (97),1h 35m,Mystery
323. Wishes of the Blue Girl,4.4, (371),1h 13m,Mystery
324. Perfumed with Mint,6.2, (22),1h 51m,Mystery
325. My Husband Hired a Hitman,4.6, (87),1h 32m,Mystery
326. The Haunting of Hollywood,7.0, (267),1h 25m,Mystery
328. Winner,5.4, (27),1h 8m,Mystery
329. 10/31 Part 4,5.6, (17),1h 27m,Mystery
330. The Women in the Lakes,4.9, (27),2h 21m,Mystery
331. Haunting Trophies,7.7, (66),2h 30m,Mystery
334. Nature Cat's Nature Movie Special Extraordinaire,7.3, (18),53m,Mystery
335. A Girl Upstairs,6.6, (45),1h 30m,Mystery
336. Advent,7.5, (6),1h 59m,Mystery
337. Danyang Mahar Tukar Nyawa,6.5, (7),1h 50m,Mystery
338. Dark Deceptions,6.2, (36),1h 22m,Mystery
339. Birthmark,4.5, (194),1h 57m,Mystery
341. L.I.F.E.,4.2, (31),1h 48m,Mystery
347. Shadows of Betrayal: Chronicles of Ian Blair,7.3, (12),1h 5m,Mystery
348. The Fall of 2008,8.4, (9),1h 1m,Mystery
352. Black.White.Red.,7.8, (24),1h 33m,Mystery
353. Una historia y ya...,4.0, (41),1h 27m,Mystery
356. Kaljiga,8.4, (37),1h 54m,Mystery
357. Gossip to Die For,5.3, (81),1h 34m,Mystery
358. Real Life Fiction,5.0, (10),1h 35m,Mystery
359. A Herança,6.4, (56),1h 20m,Mystery
360. Dr. Jason II - Lights & Shadows,5.2, (299),1h 2m,Mystery
361. Guadalupe: Mother of Humanity,7.2, (38),1h 42m,Mystery
364. Rukhwat,8.6, (8),1h 57m,Mystery
366. Der Bote,9.9, (7),51m,Mystery
367. Saka Perawan,5.1, (54),1h 31m,Mystery
369. Into the Box,7.0, (8),1h 36m,Mystery
371. Di Renjie: Tongtian xuan an,7.2, (16),1h 25m,Mystery
372. Dream Lock,8.6, (21),1h 40m,Mystery
373. Shri Swapankumarer Badami Hyenar Kobole,5.6, (324),2h 26m,Mystery
376. Yaa Devi Sarva Bhuteshu,8.7, (8),1h 59m,Mystery
"379. Rapunzel, El Perro y El Brujo",7.6, (22),1h 49m,Mystery
380. The Stranger,7.2, (8),1h 40m,Mystery
383. Tilottoma,8.4, (23),1h 38m,Mystery
384. What Lies Within,5.3, (13),1h 30m,Mystery
385. Meitantei Conan Bâsasu Kaitô Kiddo,6.2, (155),1h 21m,Mystery
386. Tranquility: Ghost Stories,7.6, (53),1h 28m,Mystery
388. The Backrooms,6.2, (7),1h 3m,Mystery
389. The Mystery of Humanoid Puppet,6.7, (60),1h 28m,Mystery
390. The Washer,7.5, (9),1h 30m,Mystery
394. Durga,8.4, (168),2h 14m,Mystery
395. Sanak,8.7, (9),2h 33m,Mystery
396. Anno 2020,8.6, (25),2h 25m,Mystery
397. The Victims,5.9, (82),1h 39m,Mystery
399. Nayan Rahasya,4.8, (168),1h 54m,Mystery
400. SMB-plush presents trick or death,8.8, (16),2h,Mystery
401. Blue Christmas,5.6, (21),1h 19m,Mystery
403. Joy Hanu Man,8.9, (25),2h 23m,Mystery
404. Swakaryam Sambhavabahulam,6.3, (183),1h 56m,Mystery
405. A kiút,9.6, (60),47m,Mystery
408. Churul,9.3, (195),1h 44m,Mystery
409. It's Not the Time,6.6, (21),1h 18m,Mystery
412. Dai jia fa de ren,5.5, (57),2h 1m,Mystery
413. The Director's Cut,4.3, (15),1h 22m,Mystery
414. Dharma Daiva,7.7, (24),1h 52m,Mystery
415. Ithuvare,5.6, (26),2h 9m,Mystery
417. Strangers,7.0, (6),1h 39m,Mystery
418. Hidden Memories,5.9, (31),1h 24m,Mystery
419. Bigul,9.3, (46),2h 24m,Mystery
420. Dead Boys Club,6.2, (23),1h 45m,Mystery
422. Bo Nan Za,9.1, (28),1h 1m,Mystery
426. Real Estate Sisters,4.8, (17),1h 24m,Mystery
427. Dead Dead Full Dead,6.6, (14),1h 50m,Mystery
429. Artificial Evil Awakens,9.2, (10),1h 3m,Mystery
431. Inti Number 13,8.0, (1.1K),2h 7m,Mystery
435. Verified,5.2, (9),1h 37m,Mystery
437. Problematic Intentions,4.8, (14),1h 30m,Mystery
438. Chandranum Policeum,8.6, (578),1h 53m,Mystery
439. Kuchinai sakura,6.5, (48),1h 59m,Mystery
440. Mother's Kingdom,7.2, (13),1h 37m,Mystery
441. Malam Keramat,6.2, (27),1h 30m,Mystery
442. Satham Indri Mutham Tha,7.4, (1.2K),1h 47m,Mystery
444. Danger Zone,8.4, (5),2h 2m,Mystery
445. Idealnaya zhertva,8.2, (7),1h 32m,Mystery
451. First Person Savior,4.9, (12),1h 21m,Mystery
457. The Killing Performance,5.7, (28),2h 8m,Mystery
458. Piri Reis: The Incredible Chart,6.8, (21),2h 18m,Mystery
460. Kalponik,9.2, (13),53m,Mystery
464. Within the Walls,6.4, (14),1h 36m,Mystery
468. Aliens Uncovered: UFOs Over Arizona,8.4, (16),1h 56m,Mystery
472. The Burned Hand,8.0, (12),1h 25m,Mystery
475. Biswas Villa-An Unfinished Story,8.6, (21),54m,Mystery
477. Kinoplenka N8,4.2, (54),1h 50m,Mystery
478. Sragaal,8.4, (19),2h 20m,Mystery
481. So It Goes,3.3, (19),1h 17m,Mystery
482. Mezhdu nami,5.1, (35),1h 33m,Mystery
483. Kadhai,9.3, (33),1h 40m,Mystery
485. Riptide,6.9, (10),1h 25m,Mystery
486. Ellige Payana Yavudo Daari,8.6, (255),2h 14m,Mystery
489. All Suspects,3.6, (18),1h 36m,Mystery
492. Corridor,6.0, (9),1h 48m,Mystery
496. Don't Open the Box,7.0, (8),45m,Mystery
500. Khoroshie devochki,8.2, (5),1h 31m,Mystery
504. LUDA,7.2, (6),1h 26m,Mystery
505. Vypusti menya,6.6, (32),1h 20m,Mystery
506. Combat Code: Hunt,7.4, (17),1h 16m,Mystery
511. Tragic,8.9, (19),1h 36m,Mystery
514. Aranyar Prachin Probad,6.6, (17),2h 3m,Mystery
516. Rodnya,7.7, (9),1h 39m,Mystery
553. Aladiner Prodeepe Jevabe Doittyo Elo,8.6, (9),50m,Mystery
562. Bahirbhoomi,5.7, (1.1K),2h,Mystery
584. Vmeste navsegda,8.2, (6),1h 33m,Mystery
603. El Juego Del Poder,8.0, (9),1h 35m,Mystery
607. Not One and Not Two,5.7, (6),1h 12m,Mystery
608. Once Passed On,6.6, (6),1h 31m,Mystery
615. La función,5.0, (7),1h 33m,Mystery
619. Lealtad o Morir,8.2, (9),1h 27m,Mystery
655. Okhota na russkogo geniya,5.3, (11),1h 11m,Mystery
